Workbook
Name avger: Analysis!$E$14
Name billing: '[1]pivot tables'!$A$40
Name patient: '[1]pivot tables'!$A$5
Name Salary: Analysis!$E$10
Name Slicer_Department_Name: #N/A
Name Slicer_Employment_status: #N/A
Name Slicer_Hire_Date: #N/A
Name Slicer_Performance_Band: #N/A
Name Slicer_Salary: #N/A

Sheet Analysis Chart

Sheet Analysis
B1: SALARY ANALYSIS
A2: Headcount By Salary | E2: Total Employees | G2: Sum of salary by department
A3: Row Labels | B3: Count of Employees ID | C3: Average of Salary | E3: Count of Employees ID | G3: Row Labels | H3: Sum of Salary
A4: Finance | B4: 13 | C4: 86846.154 | E4: 117 | G4: Information Technology | H4: 2215429
A5: Human Resources | B5: 17 | C5: 85649.941 | G5: Operations | H5: 1929079
A6: Information Technology | B6: 28 | C6: 79122.464 | G6: Sales | H6: 1734909
A7: Marketing | B7: 15 | C7: 84737.733 | G7: Human Resources | H7: 1456049
A8: Operations | B8: 24 | C8: 80378.292 | E8: Total Payroll | G8: Marketing | H8: 1271066
A9: Sales | B9: 20 | C9: 86745.45 | E9: Sum of Salary | G9: Finance | H9: 1129000
A10: Grand Total | B10: 117 | C10: 83209.675 | E10: 9735532 | G10: Grand Total | H10: 9735532
E12: Average Salary
A13: Salary Distribution by performance band | E13: Average of Salary
A14: Row Labels | B14: Sum of Salary | E14: 83209.675
A15: Achieving | B15: 2784180 | D15: Average Salary Paid Per Department
A16: Developing | B16: 2529992 | D16: Row Labels | E16: Average of Salary
A17: Needs Improvement | B17: 2093458 | D17: Finance | E17: 86846.154
A18: Exceeding | B18: 1641410 | D18: Sales | E18: 86745.45
A19: Outstanding | B19: 686492 | D19: Human Resources | E19: 85649.941
A20: Grand Total | B20: 9735532 | D20: Marketing | E20: 84737.733
D21: Operations | E21: 80378.292
D22: Information Technology | E22: 79122.464
D23: Grand Total | E23: 83209.675
C26: Bonus Analysis
A27: Attirition Rate by Department | F27: Sum of Eligible Bonus Amount by Performance Band
A28: Count of Employees ID | B28: Column Labels | F28: Row Labels | G28: Sum of Eligible Bonus Amount
A29: Row Labels | B29: Active | C29: Left | D29: Resigned | E29: Grand Total | F29: Achieving | G29: 1.75
A30: Finance | B30: 1 | C30: 0 | D30: 0 | E30: 1 | F30: Developing | G30: 0.58
A31: Human Resources | B31: 1 | C31: 0 | D31: 0 | E31: 1 | F31: Exceeding | G31: 1.6
A32: Information Technology | B32: 0.6 | C32: 0.4 | D32: 0 | E32: 1 | F32: Needs Improvement | G32: 0
A33: Marketing | B33: 0.66666667 | C33: 0.33333333 | D33: 0 | E33: 1 | F33: Outstanding | G33: 1.08
A34: Operations | B34: 0.8 | C34: 0 | D34: 0.2 | E34: 1 | F34: Grand Total | G34: 5.01
A35: Sales | B35: 1 | C35: 0 | D35: 0 | E35: 1
A36: Grand Total | B36: 0.83333333 | C36: 0.125 | D36: 0.041666667 | E36: 1
A38: Total Bonus | D38: Average Bonus by Department
A39: Count of Employees ID | B39: Sum of Eligible Bonus Amount | D39: Row Labels | E39: Average of Eligible Bonus Amount
A40: 117 | B40: 5.01 | D40: Finance | E40: 0.037692308
D41: Human Resources | E41: 0.054705882
A42: Total Bonus by Department | D42: Information Technology | E42: 0.0375
A43: Row Labels | B43: Sum of Eligible Bonus Amount | D43: Marketing | E43: 0.046666667
A44: Finance | B44: 0.49 | D44: Operations | E44: 0.045416667
A45: Human Resources | B45: 0.93 | D45: Sales | E45: 0.0375
A46: Information Technology | B46: 1.05 | D46: Grand Total | E46: 0.042820513
A47: Marketing | B47: 0.7
A48: Operations | B48: 1.09
A49: Sales | B49: 0.75
A50: Grand Total | B50: 5.01
C51: Employee Analysis
A54: Employement Status Distribution | D54: Employees By Department | G54: Department With Highest Employee Count
A55: Row Labels | B55: Count of Employees ID | D55: Row Labels | E55: Count of Employees ID | G55: Row Labels | H55: Count of Employees ID
A56: Active | B56: 90 | D56: Information Technology | E56: 28 | G56: Information Technology | H56: 28
A57: Left | B57: 18 | D57: Operations | E57: 24 | G57: Operations | H57: 24
A58: Resigned | B58: 9 | D58: Sales | E58: 20 | G58: Sales | H58: 20
A59: Grand Total | B59: 117 | D59: Human Resources | E59: 17 | G59: Human Resources | H59: 17
D60: Marketing | E60: 15 | G60: Marketing | H60: 15
D61: Finance | E61: 13 | G61: Finance | H61: 13
D62: Grand Total | E62: 117 | G62: Grand Total | H62: 117
A64: Employment Status By Department
A65: Count of Employees ID | B65: Column Labels | G65: Count of Employees ID
A66: Row Labels | B66: Active | C66: Left | D66: Resigned | E66: Grand Total | G66: 117
A67: Information Technology | B67: 22 | C67: 4 | D67: 2 | E67: 28
A68: Operations | B68: 14 | C68: 5 | D68: 5 | E68: 24
A69: Sales | B69: 17 | C69: 2 | D69: 1 | E69: 20
A70: Human Resources | B70: 14 | C70: 2 | D70: 1 | E70: 17
A71: Marketing | B71: 12 | C71: 3 | E71: 15
A72: Finance | B72: 11 | C72: 2 | E72: 13
A73: Grand Total | B73: 90 | C73: 18 | D73: 9 | E73: 117
A75: Performance Band By Department
A76: Count of Employees ID | B76: Column Labels
A77: Row Labels | B77: Achieving | C77: Developing | D77: Exceeding | E77: Needs Improvement | F77: Outstanding | G77: Grand Total
A78: Finance | B78: 5 | C78: 6 | E78: 1 | F78: 1 | G78: 13
A79: Human Resources | B79: 5 | C79: 2 | D79: 5 | E79: 3 | F79: 2 | G79: 17
A80: Information Technology | B80: 7 | C80: 11 | D80: 3 | E80: 5 | F80: 2 | G80: 28
A81: Marketing | B81: 6 | C81: 2 | D81: 3 | E81: 3 | F81: 1 | G81: 15
A82: Operations | B82: 9 | C82: 4 | D82: 4 | E82: 5 | F82: 2 | G82: 24
A83: Sales | B83: 3 | C83: 4 | D83: 5 | E83: 7 | F83: 1 | G83: 20
A84: Grand Total | B84: 35 | C84: 29 | D84: 20 | E84: 24 | F84: 9 | G84: 117
B86: Hiring Analysis
A87: Hiring Trend by Year | D87: Hiring Trend by Months
A88: Row Labels | B88: Count of Employees ID | D88: Row Labels | E88: Count of Employees ID
A89: 2017 | B89: 16 | D89: Jan | E89: 3
A90: 2016 | B90: 15 | D90: Feb | E90: 13
A91: 2022 | B91: 15 | D91: Mar | E91: 10
A92: 2018 | B92: 15 | D92: Apr | E92: 10
A93: 2023 | B93: 14 | D93: May | E93: 9
A94: 2020 | B94: 13 | D94: Jun | E94: 13
A95: 2019 | B95: 12 | D95: Jul | E95: 19
A96: 2021 | B96: 10 | D96: Aug | E96: 9
A97: 2015 | B97: 7 | D97: Sep | E97: 9
A98: Grand Total | B98: 117 | D98: Oct | E98: 8
D99: Nov | E99: 7
D100: Dec | E100: 7
D101: Grand Total | E101: 117
B103: Performance Analysis
A104: Performance Band Distribution
A105: Row Labels | B105: Count of Employees ID | D105: Average Performance Score Based On Employment Status
A106: Achieving | B106: 35 | D106: Row Labels | E106: Average of Performance Score
A107: Developing | B107: 29 | D107: Resigned | E107: 74.444444
A108: Exceeding | B108: 20 | D108: Active | E108: 68.555556
A109: Needs Improvement | B109: 24 | D109: Left | E109: 66.055556
A110: Outstanding | B110: 9 | D110: Grand Total | E110: 68.623932
...

Sheet Dashboard

Sheet Raw_Employee_Data (2)
A1: Emp ID | B1: First Name | C1: Last Name | D1: Dept Code | E1: Salary | F1: Perf Score | G1: Employment Status | L1: Employees ID | M1: First Name | N1: Last Name | O1: Full Name | P1: Department code | Q1: Hire Date | R1: Performance Score | S1: Salary | T1: Employment status | U1: Department Name | V1: Performance Band | W1: Eligible Bonus Amount | X1: Year of service
A2: EMP127 | B2: Emily | C2: Brown | D2: IT02 | E2: 50361 | F2: 52 | G2: active | L2: =TRIM(A2) -> EMP127 | M2: =TRIM(PROPER(B2)) -> Emily | N2: =TRIM(PROPER(C2)) -> Brown | O2: Emily Brown | P2: =TRIM(UPPER(D2)) -> IT02 | Q2: 43093 | R2: 52 | S2: 50361 | T2: =TRIM(PROPER(G2)) -> Active | U2: =_xlfn.XLOOKUP(P2, Lookup_Departments!$A$2:$A$7, Lookup_Departments!$B$2:$B$7, "invalid code") -> Information Technology | V2: =_xlfn.XLOOKUP(R2, Lookup_Performance!$A$2:$A$6, Lookup_Performance!$C$2:$C$6, "not found", -1) -> Developing | W2: =_xlfn.XLOOKUP(R2, Lookup_Performance!$A$2:$A$6, Lookup_Performance!$D$2:$D$6, 0,-1) -> 0.02 | X2: =DATEDIF(Q2, TODAY(), "y") & " years " & DATEDIF(Q2, TODAY(), "ym") & "months" -> 8 years 6months
A3: EMP134 | B3: Emily | C3: Gonzalez | D3: IT02 | E3: 114425 | F3: 54 | G3: LEFT | L3: =TRIM(A3) -> EMP134 | M3: =TRIM(PROPER(B3)) -> Emily | N3: =TRIM(PROPER(C3)) -> Gonzalez | O3: Emily Gonzalez | P3: =TRIM(UPPER(D3)) -> IT02 | Q3: 42403 | R3: 54 | S3: 114425 | T3: =TRIM(PROPER(G3)) -> Left | U3: =_xlfn.XLOOKUP(P3, Lookup_Departments!$A$2:$A$7, Lookup_Departments!$B$2:$B$7, "invalid code") -> Information Technology | V3: =_xlfn.XLOOKUP(R3, Lookup_Performance!$A$2:$A$6, Lookup_Performance!$C$2:$C$6, "not found", -1) -> Developing | W3: =_xlfn.XLOOKUP(R3, Lookup_Performance!$A$2:$A$6, Lookup_Performance!$D$2:$D$6, 0,-1) -> 0.02 | X3: =DATEDIF(Q3, TODAY(), "y") & " years " & DATEDIF(Q3, TODAY(), "ym") & "months" -> 10 years 5months
A4: EMP139 | B4: John | C4: Martinez | D4: FIN03 | E4: 103831 | F4: 70 | G4: active | L4: =TRIM(A4) -> EMP139 | M4: =TRIM(PROPER(B4)) -> John | N4: =TRIM(PROPER(C4)) -> Martinez | O4: John Martinez | P4: =TRIM(UPPER(D4)) -> FIN03 | Q4: 44992 | R4: 70 | S4: 103831 | T4: =TRIM(PROPER(G4)) -> Active | U4: =_xlfn.XLOOKUP(P4, Lookup_Departments!$A$2:$A$7, Lookup_Departments!$B$2:$B$7, "invalid code") -> Finance | V4: =_xlfn.XLOOKUP(R4, Lookup_Performance!$A$2:$A$6, Lookup_Performance!$C$2:$C$6, "not found", -1) -> Achieving | W4: =_xlfn.XLOOKUP(R4, Lookup_Performance!$A$2:$A$6, Lookup_Performance!$D$2:$D$6, 0,-1) -> 0.05 | X4: =DATEDIF(Q4, TODAY(), "y") & " years " & DATEDIF(Q4, TODAY(), "ym") & "months" -> 3 years 3months
A5: EMP112 | B5: Thomas | C5: Smith | D5: IT02 | E5: 73785 | F5: 40 | G5: Left | L5: =TRIM(A5) -> EMP112 | M5: =TRIM(PROPER(B5)) -> Thomas | N5: =TRIM(PROPER(C5)) -> Smith | O5: Thomas Smith | P5: =TRIM(UPPER(D5)) -> IT02 | Q5: 44977 | R5: 40 | S5: 73785 | T5: =TRIM(PROPER(G5)) -> Left | U5: =_xlfn.XLOOKUP(P5, Lookup_Departments!$A$2:$A$7, Lookup_Departments!$B$2:$B$7, "invalid code") -> Information Technology | V5: =_xlfn.XLOOKUP(R5, Lookup_Performance!$A$2:$A$6, Lookup_Performance!$C$2:$C$6, "not found", -1) -> Needs Improvement | W5: =_xlfn.XLOOKUP(R5, Lookup_Performance!$A$2:$A$6, Lookup_Performance!$D$2:$D$6, 0,-1) -> 0 | X5: =DATEDIF(Q5, TODAY(), "y") & " years " & DATEDIF(Q5, TODAY(), "ym") & "months" -> 3 years 4months
A6: EMP030 | B6: Emily | C6: Johnson | D6: OPS06 | E6: 115882 | F6: 49 | G6: ACTIVE | L6: =TRIM(A6) -> EMP030 | M6: =TRIM(PROPER(B6)) -> Emily | N6: =TRIM(PROPER(C6)) -> Johnson | O6: Emily Johnson | P6: =TRIM(UPPER(D6)) -> OPS06 | Q6: 43892 | R6: 49 | S6: 115882 | T6: =TRIM(PROPER(G6)) -> Active | U6: =_xlfn.XLOOKUP(P6, Lookup_Departments!$A$2:$A$7, Lookup_Departments!$B$2:$B$7, "invalid code") -> Operations | V6: =_xlfn.XLOOKUP(R6, Lookup_Performance!$A$2:$A$6, Lookup_Performance!$C$2:$C$6, "not found", -1) -> Needs Improvement | W6: =_xlfn.XLOOKUP(R6, Lookup_Performance!$A$2:$A$6, Lookup_Performance!$D$2:$D$6, 0,-1) -> 0 | X6: =DATEDIF(Q6, TODAY(), "y") & " years " & DATEDIF(Q6, TODAY(), "ym") & "months" -> 6 years 4months
A7: EMP096 | B7: John | C7: Wilson | D7: OPS06 | E7: 59980 | F7: 70 | G7: Left | L7: =TRIM(A7) -> EMP096 | M7: =TRIM(PROPER(B7)) -> John | N7: =TRIM(PROPER(C7)) -> Wilson | O7: John Wilson | P7: =TRIM(UPPER(D7)) -> OPS06 | Q7: 45272 | R7: 70 | S7: 59980 | T7: =TRIM(PROPER(G7)) -> Left | U7: =_xlfn.XLOOKUP(P7, Lookup_Departments!$A$2:$A$7, Lookup_Departments!$B$2:$B$7, "invalid code") -> Operations | V7: =_xlfn.XLOOKUP(R7, Lookup_Performance!$A$2:$A$6, Lookup_Performance!$C$2:$C$6, "not found", -1) -> Achieving | W7: =_xlfn.XLOOKUP(R7, Lookup_Performance!$A$2:$A$6, Lookup_Performance!$D$2:$D$6, 0,-1) -> 0.05 | X7: =DATEDIF(Q7, TODAY(), "y") & " years " & DATEDIF(Q7, TODAY(), "ym") & "months" -> 2 years 6months
A8: EMP098 | B8: Jessica | C8: Smith | D8: OPS06 | E8: 68728 | F8: 45 | G8: ACTIVE | L8: =TRIM(A8) -> EMP098 | M8: =TRIM(PROPER(B8)) -> Jessica | N8: =TRIM(PROPER(C8)) -> Smith | O8: Jessica Smith | P8: =TRIM(UPPER(D8)) -> OPS06 | Q8: 44086 | R8: 45 | S8: 68728 | T8: =TRIM(PROPER(G8)) -> Active | U8: =_xlfn.XLOOKUP(P8, Lookup_Departments!$A$2:$A$7, Lookup_Departments!$B$2:$B$7, "invalid code") -> Operations | V8: =_xlfn.XLOOKUP(R8, Lookup_Performance!$A$2:$A$6, Lookup_Performance!$C$2:$C$6, "not found", -1) -> Needs Improvement | W8: =_xlfn.XLOOKUP(R8, Lookup_Performance!$A$2:$A$6, Lookup_Performance!$D$2:$D$6, 0,-1) -> 0 | X8: =DATEDIF(Q8, TODAY(), "y") & " years " & DATEDIF(Q8, TODAY(), "ym") & "months" -> 5 years 9months
A9: EMP140 | B9: Michael | C9: Martinez | D9: SAL05 | E9: 94998 | F9: 58 | G9: Active | L9: =TRIM(A9) -> EMP140 | M9: =TRIM(PROPER(B9)) -> Michael | N9: =TRIM(PROPER(C9)) -> Martinez | O9: Michael Martinez | P9: =TRIM(UPPER(D9)) -> SAL05 | Q9: 42411 | R9: 58 | S9: 94998 | T9: =TRIM(PROPER(G9)) -> Active | U9: =_xlfn.XLOOKUP(P9, Lookup_Departments!$A$2:$A$7, Lookup_Departments!$B$2:$B$7, "invalid code") -> Sales | V9: =_xlfn.XLOOKUP(R9, Lookup_Performance!$A$2:$A$6, Lookup_Performance!$C$2:$C$6, "not found", -1) -> Developing | W9: =_xlfn.XLOOKUP(R9, Lookup_Performance!$A$2:$A$6, Lookup_Performance!$D$2:$D$6, 0,-1) -> 0.02 | X9: =DATEDIF(Q9, TODAY(), "y") & " years " & DATEDIF(Q9, TODAY(), "ym") & "months" -> 10 years 4months
A10: EMP020 | B10: Emily | C10: Miller | D10: sal05 | E10: 118635 | F10: 49 | G10: Active | L10: =TRIM(A10) -> EMP020 | M10: =TRIM(PROPER(B10)) -> Emily | N10: =TRIM(PROPER(C10)) -> Miller | O10: Emily Miller | P10: =TRIM(UPPER(D10)) -> SAL05 | Q10: 43911 | R10: 49 | S10: 118635 | T10: =TRIM(PROPER(G10)) -> Active | U10: =_xlfn.XLOOKUP(P10, Lookup_Departments!$A$2:$A$7, Lookup_Departments!$B$2:$B$7, "invalid code") -> Sales | V10: =_xlfn.XLOOKUP(R10, Lookup_Performance!$A$2:$A$6, Lookup_Performance!$C$2:$C$6, "not found", -1) -> Needs Improvement | W10: =_xlfn.XLOOKUP(R10, Lookup_Performance!$A$2:$A$6, Lookup_Performance!$D$2:$D$6, 0,-1) -> 0 | X10: =DATEDIF(Q10, TODAY(), "y") & " years " & DATEDIF(Q10, TODAY(), "ym") & "months" -> 6 years 3months
A11: EMP057 | B11: Emily | C11: Hernandez | D11: IT02 | E11: 76918 | F11: 62 | G11: Active | L11: =TRIM(A11) -> EMP057 | M11: =TRIM(PROPER(B11)) -> Emily | N11: =TRIM(PROPER(C11)) -> Hernandez | O11: Emily Hernandez | P11: =TRIM(UPPER(D11)) -> IT02 | Q11: 42425 | R11: 62 | S11: 76918 | T11: =TRIM(PROPER(G11)) -> Active | U11: =_xlfn.XLOOKUP(P11, Lookup_Departments!$A$2:$A$7, Lookup_Departments!$B$2:$B$7, "invalid code") -> Information Technology | V11: =_xlfn.XLOOKUP(R11, Lookup_Performance!$A$2:$A$6, Lookup_Performance!$C$2:$C$6, "not found", -1) -> Developing | W11: =_xlfn.XLOOKUP(R11, Lookup_Performance!$A$2:$A$6, Lookup_Performance!$D$2:$D$6, 0,-1) -> 0.02 | X11: =DATEDIF(Q11, TODAY(), "y") & " years " & DATEDIF(Q11, TODAY(), "ym") & "months" -> 10 years 4months
A12: EMP016 | B12: Jane | C12: Williams | D12: mkt04 | E12: 61408 | F12: 48 | G12: ACTIVE | L12: =TRIM(A12) -> EMP016 | M12: =TRIM(PROPER(B12)) -> Jane | N12: =TRIM(PROPER(C12)) -> Williams | O12: Jane Williams | P12: =TRIM(UPPER(D12)) -> MKT04 | Q12: 44364 | R12: 48 | S12: 61408 | T12: =TRIM(PROPER(G12)) -> Active | U12: =_xlfn.XLOOKUP(P12, Lookup_Departments!$A$2:$A$7, Lookup_Departments!$B$2:$B$7, "invalid code") -> Marketing | V12: =_xlfn.XLOOKUP(R12, Lookup_Performance!$A$2:$A$6, Lookup_Performance!$C$2:$C$6, "not found", -1) -> Needs Improvement | W12: =_xlfn.XLOOKUP(R12, Lookup_Performance!$A$2:$A$6, Lookup_Performance!$D$2:$D$6, 0,-1) -> 0 | X12: =DATEDIF(Q12, TODAY(), "y") & " years " & DATEDIF(Q12, TODAY(), "ym") & "months" -> 5 years 0months
A13: EMP070 | B13: Jane | C13: Miller | D13: MKT04 | E13: 99990 | F13: 54 | G13: Active | L13: =TRIM(A13) -> EMP070 | M13: =TRIM(PROPER(B13)) -> Jane | N13: =TRIM(PROPER(C13)) -> Miller | O13: Jane Miller | P13: =TRIM(UPPER(D13)) -> MKT04 | Q13: 44001 | R13: 54 | S13: 99990 | T13: =TRIM(PROPER(G13)) -> Active | U13: =_xlfn.XLOOKUP(P13, Lookup_Departments!$A$2:$A$7, Lookup_Departments!$B$2:$B$7, "invalid code") -> Marketing | V13: =_xlfn.XLOOKUP(R13, Lookup_Performance!$A$2:$A$6, Lookup_Performance!$C$2:$C$6, "not found", -1) -> Developing | W13: =_xlfn.XLOOKUP(R13, Lookup_Performance!$A$2:$A$6, Lookup_Performance!$D$2:$D$6, 0,-1) -> 0.02 | X13: =DATEDIF(Q13, TODAY(), "y") & " years " & DATEDIF(Q13, TODAY(), "ym") & "months" -> 6 years 0months
... A118: EMP103 | B118: Amanda | C118: Brown | D118: IT02 | E118: 118634 | F118: 91 | G118: ACTIVE | L118: =TRIM(A118) -> EMP103 | M118: =TRIM(PROPER(B118)) -> Amanda | N118: =TRIM(PROPER(C118)) -> Brown | O118: Amanda Brown | P118: =TRIM(UPPER(D118)) -> IT02 | Q118: 44848 | R118: 91 | S118: 118634 | T118: =TRIM(PROPER(G118)) -> Active | U118: =_xlfn.XLOOKUP(P118, Lookup_Departments!$A$2:$A$7, Lookup_Departments!$B$2:$B$7, "invalid code") -> Information Technology | V118: =_xlfn.XLOOKUP(R118, Lookup_Performance!$A$2:$A$6, Lookup_Performance!$C$2:$C$6, "not found", -1) -> Exceeding | W118: =_xlfn.XLOOKUP(R118, Lookup_Performance!$A$2:$A$6, Lookup_Performance!$D$2:$D$6, 0,-1) -> 0.08 | X118: =DATEDIF(Q118, TODAY(), "y") & " years " & DATEDIF(Q118, TODAY(), "ym") & "months" -> 3 years 8months

Sheet Raw_Employee_Data
A1: Emp ID | B1: First_Name | C1: Last_Name | D1: Dept Code | E1: Hire Date | F1: Salary | G1: Perf_Score | H1: Employment Status
A2: EMP127 | B2: Emily | C2: Brown | D2: IT02 | E2: 43093 | F2: 50361 | G2: 52 | H2: active
A3: EMP046 | B3: Richard | C3: Hernandez | D3: MKT04 | E3: 44659 | F3: 112673 | H3: ACTIVE
A4: EMP134 | B4: Emily | C4: Gonzalez | D4: IT02 | E4: 42431 | F4: $114,425 | G4: 54 | H4: LEFT
A5: EMP139 | B5: John | C5: Martinez | D5: FIN03 | E5: 45110 | F5: 103831 | G5: 70 | H5: active
A6: EMP112 | B6: Thomas | C6: Smith | D6: IT02 | E6: 44977 | F6: 73785 | G6: 40 | H6: Left
A7: EMP030 | B7: Emily | C7: Johnson | D7: OPS06 | E7: 02-Mar-20 | F7: 115882 | G7: 49 | H7: ACTIVE
A8: EMP096 | B8: John | C8: Wilson | D8: OPS06 | E8: 45272 | F8: 59980 | G8: 70 | H8: Left
A9: EMP098 | B9: Jessica | C9: Smith | D9: OPS06 | E9: 44174 | F9: 68728 | G9: 45 | H9: ACTIVE
A10: EMP095 | C10: Rodriguez | D10: FIN03 | E10: 43107 | F10: 102139 | G10: 79 | H10: active
A11: EMP140 | B11: Michael | C11: Martinez | D11: SAL05 | E11: 42676 | F11: 94998 | G11: 58 | H11: Active
A12: EMP020 | B12: Emily | C12: Miller | D12: sal05 | E12: 43911 | F12: $118,635 | G12: 49 | H12: Active
A13: EMP057 | B13: Emily | C13: Hernandez | D13: IT02 | E13: 42425 | F13: 76918 | G13: 62 | H13: Actv
A14: EMP016 | B14: Jane | C14: Williams | D14: mkt04 | E14: 17-Jun-21 | F14: 61408 | G14: 48 | H14: ACTIVE
A15: EMP070 | B15: Jane | C15: Miller | D15: MKT04 | E15: 44001 | F15: 99990 | G15: 54 | H15: Actv
A16: EMP025 | B16: Robert | C16: Jones | D16: MKT04 | E16: 43820 | F16: 80385 | H16: active
A17: EMP031 | B17: Thomas | C17: Rodriguez | D17: SAL05 | E17: 45169 | F17: 65290 | G17: 77 | H17: active
A18: EMP126 | B18: Emily | C18: Davis | D18: IT02 | E18: 42337 | F18: 105765 | G18: 42 | H18: Active
A19: EMP109 | B19: James | C19: Martinez | D19: SAL05 | E19: 42899 | F19: 102921 | G19: 49 | H19: ACTIVE
A20: EMP057 | B20: Emily | C20: Hernandez | D20: IT02 | E20: 42425 | F20: 76918 | G20: 62 | H20: Actv
A21: EMP066 | B21: Ashley | C21: Lopez | D21: MKT04 | E21: 43235 | F21: 73984 | G21: 93 | H21: Actv
A22: EMP120 | B22: Amanda | C22: Gonzalez | D22: IT02 | E22: 42575 | G22: 75 | H22: Actv
A23: EMP019 | B23: Michael | C23: Hernandez | D23: FIN03 | E23: 43076 | F23: 118527 | G23: 50 | H23: Actv
A24: EMP013 | B24: Richard | C24: Hernandez | D24: MKT04 | E24: 44353 | F24: 107871 | G24: 88 | H24: active
A25: EMP010 | B25: Michael | C25: Rodriguez | D25: IT02 | E25: 44815 | F25: 93956 | G25: 50 | H25: LEFT
A26: EMP032 | B26: Jessica | C26: Johnson | D26: FIN03 | E26: 42565 | F26: 100851 | G26: 64 | H26: ACTIVE
A27: EMP082 | B27: Ashley | C27: Williams | D27: SAL05 | E27: 44728 | F27: 68655 | G27: 32 | H27: active
A28: EMP052 | C28: Williams | D28: SAL05 | E28: 45134 | F28: 81205 | G28: 59 | H28: Actv
A29: EMP129 | B29: John | C29: Wilson | D29: SAL05 | E29: 09/24/2019 | F29: $77,610 | G29: 88 | H29: Actv
A30: EMP146 | B30: Thomas | C30: Rodriguez | D30: it02 | E30: 44765 | F30: $50,873 | G30: 90 | H30: Active
A31: EMP099 | B31: Michael | C31: Wilson | D31: fin03 | E31: 13-May-18 | F31: 85312 | G31: 66 | H31: active
A32: EMP015 | B32: John | C32: Rodriguez | D32: SAL05 | E32: 42202 | G32: 68 | H32: active
A33: EMP076 | B33: Thomas | C33: Hernandez | D33: OPS06 | E33: 05-Aug-15 | F33: 97055 | G33: 80 | H33: Actv
A34: EMP137 | B34: Michael | C34: Johnson | D34: IT02 | E34: 45195 | F34: 66069 | G34: 72 | H34: Actv
A35: EMP056 | B35: Sarah | C35: Brown | D35: it02 | E35: 10-Jun-19 | F35: 90157 | G35: 58 | H35: active
A36: EMP125 | B36: Jane | C36: Martinez | D36: HR01 | E36: 44578 | F36: 59899 | G36: 78 | H36: Actv
A37: EMP085 | B37: Emily | C37: Jones | D37: FIN03 | E37: 03-Jul-17 | F37: 113389 | G37: 30 | H37: ACTIVE
A38: EMP106 | C38: Brown | D38: IT02 | E38: 01-Sep-15 | F38: 102691 | G38: 52 | H38: Active
A39: EMP043 | B39: John | C39: Wilson | D39: OPS06 | E39: 03-Aug-22 | F39: 111845 | G39: 98 | H39: active
A40: EMP068 | B40: Melissa | C40: Brown | D40: SAL05 | E40: 06/29/2022 | F40: 69219 | G40: 93 | H40: Actv
A41: EMP128 | B41: Michael | C41: Smith | D41: FIN03 | E41: 43949 | G41: 80 | H41: left
A42: EMP027 | B42: Sarah | C42: Miller | D42: OPS06 | E42: 09/09/2017 | F42: 57514 | H42: active
A43: EMP136 | B43: Emily | C43: Wilson | D43: SAL05 | E43: 43181 | F43: 86245 | G43: 71 | H43: LEFT
A44: EMP079 | B44: David | C44: Hernandez | D44: SAL05 | E44: 43958 | F44: 52407 | G44: 55 | H44: active
A45: EMP149 | B45: James | C45: Smith | D45: OPS06 | E45: 43549 | F45: $66,606 | G45: 93 | H45: Resigned
A46: EMP037 | B46: Sarah | C46: Williams | D46: IT02 | E46: 43686 | F46: 81896 | G46: 79 | H46: Resigned
A47: EMP077 | B47: Amanda | C47: Lopez | D47: SAL05 | E47: 07/14/2016 | F47: 78402 | G47: 54 | H47: ACTIVE
A48: EMP023 | B48: Thomas | C48: Lopez | D48: OPS06 | E48: 42647 | F48: 105498 | G48: 76 | H48: active
A49: EMP133 | B49: Melissa | C49: Johnson | D49: MKT04 | E49: 10-Jul-19 | F49: 91749 | G49: 72 | H49: left
A50: EMP141 | B50: Amanda | C50: Johnson | D50: OPS06 | E50: 44437 | F50: 99935 | G50: 84 | H50: Resigned
A51: EMP012 | B51: John | C51: Davis | D51: IT02 | E51: 42761 | F51: 83531 | G51: 30 | H51: left
A52: EMP080 | B52: James | C52: Johnson | D52: mkt04 | E52: 43981 | F52: $75,023 | H52: ACTIVE
A53: EMP069 | B53: Jane | C53: Davis | D53: HR01 | E53: 44612 | F53: 93290 | G53: 53 | H53: ACTIVE
A54: EMP150 | B54: Richard | C54: Davis | D54: OPS06 | E54: 42628 | F54: 115527 | G54: 63 | H54: Resigned
A55: EMP028 | B55: Thomas | C55: Rodriguez | D55: FIN03 | E55: 10/07/2019 | F55: 55920 | G55: 84 | H55: Actv
A56: EMP087 | B56: Emily | C56: Johnson | D56: SAL05 | E56: 43464 | F56: 80189 | G56: 30 | H56: Active
A57: EMP119 | B57: Emily | C57: Garcia | D57: HR01 | E57: 44189 | F57: 118947 | G57: 96 | H57: active
A58: EMP042 | B58: Jane | C58: Anderson | D58: IT02 | E58: 45112 | G58: 54 | H58: Actv
A59: EMP005 | B59: Thomas | C59: Garcia | D59: OPS06 | E59: 44148 | G59: 75 | H59: Actv
A60: EMP033 | B60: David | C60: Martinez | D60: hr01 | E60: 02/07/2018 | F60: 91655 | G60: 95 | H60: Active
A61: EMP061 | B61: Emily | C61: Brown | D61: IT02 | E61: 45255 | F61: 49435 | H61: left
A62: EMP102 | B62: Emily | C62: Wilson | D62: sal05 | E62: 45217 | F62: 110381 | G62: 93 | H62: Active
A63: EMP067 | B63: Michael | C63: Anderson | D63: HR01 | E63: 44079 | F63: 114748 | G63: 33 | H63: active
A64: EMP017 | B64: Robert | C64: Johnson | D64: OPS06 | E64: 42800 | F64: 63302 | G64: 91 | H64: active
A65: EMP123 | B65: Robert | C65: Miller | D65: it02 | E65: 42122 | F65: $75,519 | G65: 64 | H65: active
A66: EMP011 | B66: Jane | C66: Davis | D66: FIN03 | E66: 42838 | F66: 103891 | G66: 80 | H66: active
A67: EMP091 | B67: Thomas | C67: Davis | D67: OPS06 | E67: 44827 | G67: 46 | H67: LEFT
A68: EMP145 | B68: Thomas | C68: Jones | D68: MKT04 | E68: 11/11/2016 | F68: $50,936 | G68: 99 | H68: active
A69: EMP001 | B69: Michael | C69: Miller | D69: SAL05 | E69: 24-Mar-17 | F69: $111,240 | H69: Actv
A70: EMP113 | B70: Richard | C70: Gonzalez | D70: HR01 | E70: 05-May-19 | F70: 51567 | G70: 87 | H70: Resigned
A71: EMP065 | B71: Melissa | C71: Williams | D71: HR01 | E71: 44402 | G71: 36 | H71: Active
A72: EMP045 | B72: Robert | C72: Miller | D72: HR01 | E72: 43008 | F72: 55270 | G72: 87 | H72: Actv
A73: EMP083 | B73: William | C73: Garcia | D73: SAL05 | E73: 42192 | F73: 65235 | G73: 97 | H73: ACTIVE
A74: EMP029 | B74: John | C74: Gonzalez | D74: SAL05 | E74: 43283 | G74: 72 | H74: LEFT
A75: EMP041 | B75: James | C75: Gonzalez | D75: sal05 | E75: 44819 | G75: 65 | H75: LEFT
A76: EMP017 | B76: Robert | C76: Johnson | D76: OPS06 | E76: 42800 | F76: 63302 | G76: 91 | H76: active
A77: EMP026 | B77: Jane | C77: Gonzalez | D77: SAL05 | E77: 42249 | G77: 67 | H77: Actv
A78: EMP024 | B78: David | C78: Wilson | D78: ops06 | E78: 11-Oct-16 | F78: 48823 | G78: 34 | H78: ACTIVE
A79: EMP111 | B79: Jane | C79: Gonzalez | D79: FIN03 | E79: 43575 | F79: 45196 | G79: 78 | H79: LEFT
A80: EMP040 | B80: Jane | C80: Rodriguez | D80: IT02 | E80: 02/19/2017 | F80: $86,246 | G80: 61 | H80: Actv
A81: EMP086 | B81: Emily | C81: Miller | D81: SAL05 | E81: 09/07/2021 | F81: 70359 | G81: 74 | H81: Left
A82: EMP124 | B82: Sarah | C82: Miller | D82: MKT04 | E82: 43599 | G82: 94 | H82: ACTIVE
A83: EMP076 | B83: Thomas | C83: Hernandez | D83: OPS06 | E83: 05-Aug-15 | F83: 97055 | G83: 80 | H83: Actv
A84: EMP132 | B84: Jessica | C84: Garcia | D84: OPS06 | E84: 42330 | F84: 86480 | H84: ACTIVE
A85: EMP048 | B85: Richard | C85: Smith | D85: hr01 | E85: 09/29/2018 | F85: $47,694 | G85: 75 | H85: ACTIVE
A86: EMP114 | B86: Melissa | C86: Wilson | D86: IT02 | E86: 45171 | F86: 83724 | G86: 81 | H86: Resigned
A87: EMP062 | B87: Thomas | C87: Williams | D87: FIN03 | E87: 44759 | F87: 98299 | G87: 61 | H87: Actv
A88: EMP074 | B88: David | C88: Williams | D88: FIN03 | E88: 07-Feb-21 | G88: 68 | H88: Actv
A89: EMP034 | B89: John | C89: Johnson | D89: it02 | E89: 10/04/2023 | F89: 52287 | G89: 70 | H89: active
A90: EMP105 | B90: Richard | C90: Gonzalez | D90: IT02 | E90: 44073 | F90: 82633 | G90: 98 | H90: ACTIVE
A91: EMP118 | B91: Melissa | C91: Anderson | D91: OPS06 | E91: 44422 | F91: 46508 | G91: 34 | H91: Active
A92: EMP063 | B92: Emily | C92: Gonzalez | D92: hr01 | E92: 27-Nov-19 | F92: 86232 | G92: 93 | H92: Active
A93: EMP094 | B93: Jane | C93: Davis | D93: it02 | E93: 25-May-17 | F93: $77,545 | G93: 48 | H93: Active
A94: EMP097 | B94: William | C94: Gonzalez | D94: OPS06 | E94: 43436 | F94: 68683 | G94: 90 | H94: Actv
A95: EMP054 | B95: Thomas | C95: Jones | D95: FIN03 | E95: 43639 | F95: 83932 | G95: 57 | H95: LEFT
A96: EMP006 | B96: Jessica | C96: Anderson | D96: HR01 | E96: 42304 | F96: 56073 | G96: 79 | H96: Active
A97: EMP110 | B97: Melissa | C97: Johnson | D97: IT02 | E97: 43270 | F97: $88,056 | G97: 66 | H97: Actv
A98: EMP147 | B98: Thomas | C98: Miller | D98: ops06 | E98: 43112 | F98: 67414 | G98: 84 | H98: Left
A99: EMP050 | B99: William | C99: Gonzalez | D99: SAL05 | E99: 42008 | F99: $115,288 | G99: 61 | H99: Actv
A100: EMP036 | C100: Smith | D100: SAL05 | E100: 43439 | F100: 80140 | G100: 58 | H100: Active
...

Sheet Lookup_Departments
A1: Dept_Code | B1: Department_Name
A2: HR01 | B2: Human Resources
A3: IT02 | B3: Information Technology
A4: FIN03 | B4: Finance
A5: MKT04 | B5: Marketing
A6: SAL05 | B6: Sales
A7: OPS06 | B7: Operations

Sheet Lookup_Performance
A1: Min_Score | B1: Max_Score | C1: Performance_Band | D1: Bonus_Percentage
A2: 0 | B2: 49 | C2: Needs Improvement | D2: 0
A3: 50 | B3: 69 | C3: Developing | D3: 0.02
A4: 70 | B4: 84 | C4: Achieving | D4: 0.05
A5: 85 | B5: 94 | C5: Exceeding | D5: 0.08
A6: 95 | B6: 100 | C6: Outstanding | D6: 0.12
